{"cameraMode":{"drawMode":0,"name":"Shaded","section":"Shading Mode"},"sceneLighting":true,"audioPlay":false,"sceneViewState":{"showFog":true,"showMaterialUpdate":false,"showSkybox":true,"showFlares":true,"showImageEffects":true,"showParticleSystems":true},"in2DMode":false,"pivot":{"x":11.257357597351075,"y":2.4163589477539064,"z":-9.296923637390137},"rotation":{"x":0.19357085227966309,"y":-0.3958878219127655,"z":0.08573271334171295,"w":0.8936182260513306},"size":5.63397741317749,"orthographic":false}