{"cameraMode":{"drawMode":0,"name":"Shaded","section":"Shading Mode"},"sceneLighting":false,"audioPlay":false,"sceneViewState":{"showFog":true,"showMaterialUpdate":false,"showSkybox":false,"showFlares":true,"showImageEffects":true,"showParticleSystems":true},"in2DMode":false,"pivot":{"x":-0.19783397018909455,"y":0.025531591847538949,"z":3.089681625366211},"rotation":{"x":0.08820677548646927,"y":0.06504028290510178,"z":-0.0059213717468082909,"w":0.9940800666809082},"size":3.7770230770111086,"orthographic":false}