{"cameraMode":{"drawMode":0,"name":"Shaded","section":"Shading Mode"},"sceneLighting":true,"audioPlay":false,"sceneViewState":{"showFog":true,"showMaterialUpdate":false,"showSkybox":true,"showFlares":true,"showImageEffects":true,"showParticleSystems":true},"in2DMode":false,"pivot":{"x":-6.706941604614258,"y":-4.209439277648926,"z":11.997787475585938},"rotation":{"x":-0.0900554358959198,"y":0.2900393605232239,"z":-0.02722984552383423,"w":-0.9525092244148254},"size":20.331562042236329,"orthographic":false}