{"cameraMode":{"drawMode":0,"name":"Shaded","section":"Shading Mode"},"sceneLighting":true,"audioPlay":false,"sceneViewState":{"showFog":true,"showMaterialUpdate":true,"showSkybox":true,"showFlares":true,"showImageEffects":true,"showParticleSystems":true},"in2DMode":false,"pivot":{"x":10.673630714416504,"y":4.477139949798584,"z":-12.39242935180664},"rotation":{"x":-0.23103506863117219,"y":0.3644335865974426,"z":-0.0938287079334259,"w":-0.8972647786140442},"size":4.669820308685303,"orthographic":false}